penr,gebj,gesl,benr,jahr,anfdat,enddat,bmg,sz,inc
1,2000,F,219,2012,3-Jul-12,31-Dec-12,2985.4084,463.55426,3448.9626
1,2000,F,219,2013,1-Jan-13,26-Feb-13,491.06262,291.26736,782.32996
1,2000,F,4,2013,1-Mar-13,16-Aug-13,1498.1226,516.5788,2014.7014
1,2000,F,377,2014,9-Jan-14,31-Dec-14,2580.3069,1120.0419,3700.3486
1,2000,F,377,2015,1-Jan-15,31-Dec-15,3175.2424,1160.3916,4335.6338
1,2000,F,377,2016,1-Jan-16,31-Dec-16,12203.969,980.53613,13184.505
1,2000,F,377,2017,1-Jan-17,31-Dec-17,5258.7466,913.96161,6172.708
1,2000,F,377,2018,1-Jan-18,30-Jun-18,1432.3472,658.41547,2090.7627
2,1998,F,404,2009,7-Sep-09,31-Dec-09,1035.0206,441.75507,1476.7756
